<?xml version="1.0" encoding="UTF-8" standalone="yes"?>
<addon id="necrotv-repo" name="Necrotv-addons" version="1.4.0" provider-name="necrotv">
	<extension point="xbmc.addon.repository" name="necrotv-addons-1.4.0">
		<info compressed="false">tttp://necrotv.esy.es/guide/addons.xml</info>
		<checksum>http://necrotv.esy.es/guide/addons.xml.md5</checksum>
		<datadir zip="true">http://necrotv.esy.es/guide/zips</datadir>
	</extension>
	<extension point="xbmc.addon.metadata">
		<summary>necro TV Addons</summary>
		<description>Download addons</description>
		<platform>all</platform>
	</extension>
</addon>